label_pred,label_correct,ssim,psnr,final_loss,avg_ssim,avg_psnr,std_ssim,std_psnr,label_acc,threshold,model_acc_before,model_acc_after
tensor([6]),1,0.4767671525478363,13.880528114991037,9.386896133422852,,,,,
tensor([6]),1,0.7075068950653076,20.61886037185628,0.003966646268963814,,,,,
tensor([6]),1,0.7744606137275696,21.548743435723345,0.0019722511060535908,,,,,
tensor([6]),1,0.7653869986534119,21.29395428600402,0.001930405618622899,,,,,
AVG,-,-,-,-,-,0.6810304149985313,19.33552155214367,0.12069560847872465,3.167716914615767,1.0,0.99993,0.6061,0.554575
tensor([6]),1,0.7536449432373047,21.122540070684042,0.001888698316179216,,,,,
tensor([6]),1,0.6912966370582581,20.218135436205188,0.002893277211114764,,,,,
tensor([6]),1,0.7412720322608948,20.695921311190688,0.0018097638385370374,,,,,
tensor([6]),1,0.7336062788963318,20.647712941515003,0.0017815036699175835,,,,,
AVG,-,-,-,-,-,0.7299549728631973,20.67107743989873,0.023436560608865745,0.3202101198553111,1.0,0.99992,0.6061,0.552025
tensor([6]),1,0.7116875648498535,20.10632157064834,0.0017608796479180455,,,,,
tensor([6]),1,0.6172608733177185,19.01772000115504,0.002887042937800288,,,,,
tensor([6]),1,0.7007508873939514,20.06305355934224,0.0016851674299687147,,,,,
tensor([6]),1,0.706294596195221,20.005037008156595,0.0016671795165166259,,,,,
AVG,-,-,-,-,-,0.6839984804391861,19.798033034825554,0.038724519094447775,0.45194490129488524,1.0,0.99991,0.6061,0.549975
tensor([6]),1,0.6731205582618713,19.547390032674137,0.001644638366997242,,,,,
tensor([6]),1,0.6118375062942505,18.869517060582577,0.0023703263141214848,,,,,
tensor([6]),1,0.6691804528236389,19.347191225634987,0.0015857801772654057,,,,,
tensor([6]),1,0.6614032983779907,19.13434771164275,0.0015606116503477097,,,,,
AVG,-,-,-,-,-,0.6538854539394379,19.22461150763361,0.024639775340581482,0.2517197760833431,1.0,0.9999,0.6061,0.5478750000000001
tensor([6]),1,0.6341925263404846,19.312655580273606,0.001532008871436119,,,,,
tensor([6]),1,0.5923667550086975,18.165785379331822,0.0020514221396297216,,,,,
tensor([6]),1,0.6047477722167969,18.486848662484565,0.0014888722216710448,,,,,
tensor([6]),1,0.6206457018852234,18.46008385933859,0.001460203086026013,,,,,
AVG,-,-,-,-,-,0.6129881888628006,18.606343370357145,0.015822526933576175,0.4268018015151424,1.0,0.9998,0.6061,0.54495
