label_pred,label_correct,ssim,psnr,final_loss,avg_ssim,avg_psnr,std_ssim,std_psnr,label_acc,threshold,model_acc_before,model_acc_after
tensor([6]),1,0.015911707654595375,4.986991479702214,59.37616729736328,,,,,
tensor([6]),1,0.008747446350753307,6.305333652931129,65.75860595703125,,,,,
tensor([6]),1,-0.05503343045711517,5.340084937317191,44.3303108215332,,,,,
tensor([6]),1,0.003442340297624469,5.10063583790544,30.787275314331055,,,,,
tensor([6]),1,-0.01659882627427578,5.559644164179253,29.54723358154297,,,,,
AVG,-,-,-,-,-,-0.008706152485683561,5.458538014407045,0.025560766854345805,0.46728289948465834,1.0,,0.4422,0.4422
tensor([6]),1,0.015911707654595375,4.986991479702214,59.37616729736328,,,,,
tensor([6]),1,0.008747446350753307,6.305333652931129,65.75860595703125,,,,,
tensor([6]),1,-0.05503343045711517,5.340084937317191,44.3303108215332,,,,,
tensor([6]),1,0.003442340297624469,5.10063583790544,30.787275314331055,,,,,
tensor([6]),1,-0.01659882627427578,5.559644164179253,29.54723358154297,,,,,
AVG,-,-,-,-,-,-0.008706152485683561,5.458538014407045,0.025560766854345805,0.46728289948465834,1.0,,0.4422,0.4422
