label_pred,label_correct,ssim,psnr,final_loss,avg_ssim,avg_psnr,std_ssim,std_psnr,label_acc,threshold,model_acc_before,model_acc_after
tensor([6]),1,0.005986133590340614,5.4556447447282785,3.3197989463806152,,,,,
tensor([6]),1,-0.011230981908738613,5.200902261063779,3.4264509677886963,,,,,
tensor([6]),1,0.0005344673991203308,5.372058708763069,3.245138645172119,,,,,
tensor([6]),1,-0.0029802003409713507,5.454094849581237,3.66831111907959,,,,,
tensor([6]),1,0.00168171979021281,5.636558445709262,4.49194860458374,,,,,
AVG,-,-,-,-,-,-0.0012017722940072418,5.423851801969126,0.005774822900980475,0.14110887408175637,1.0,,0.6061,0.6061
tensor([6]),1,0.005986133590340614,5.4556447447282785,3.3197989463806152,,,,,
tensor([6]),1,-0.011230981908738613,5.200902261063779,3.4264509677886963,,,,,
tensor([6]),1,0.0005344673991203308,5.372058708763069,3.245138645172119,,,,,
tensor([6]),1,-0.0029802003409713507,5.454094849581237,3.66831111907959,,,,,
tensor([6]),1,0.00168171979021281,5.636558445709262,4.49194860458374,,,,,
AVG,-,-,-,-,-,-0.0012017722940072418,5.423851801969126,0.005774822900980475,0.14110887408175637,1.0,,0.6061,0.6061
