metric,value
overall_avg_ssim,0.15980048793642776
overall_avg_psnr,8.4662701306035
overall_avg_loss,12.79196400724873
