metric,value
overall_avg_ssim,0.07039167568032859
overall_avg_psnr,6.5989502424641975
overall_avg_loss,61.291872434705496
