metric,value
overall_avg_ssim,0.9158616892752703
overall_avg_psnr,30.321886176681023
overall_avg_loss,0.35912570416931705
