metric,value
overall_avg_ssim,0.8472519227623939
overall_avg_psnr,25.864248072411307
overall_avg_loss,0.002265449369233052
