metric,value
overall_avg_ssim,0.9269738855417817
overall_avg_psnr,31.404417847256525
overall_avg_loss,0.28086308562639317
