metric,value
overall_avg_ssim,0.15067463618316684
overall_avg_psnr,8.276899839433987
overall_avg_loss,20.523648639219427
