label_pred,label_correct,ssim,psnr,final_loss,avg_ssim,avg_psnr,std_ssim,std_psnr,label_acc,threshold,model_acc_before,model_acc_after
tensor([6]),1,0.8939140439033508,26.081471593387914,0.0025425702333450317,,,,,
AVG,-,-,-,-,-,0.8939140439033508,26.081471593387914,0.0,0.0,1.0,,0.4702,0.4702
tensor([9]),1,0.8828146457672119,22.602353400299975,0.00423094816505909,,,,,
AVG,-,-,-,-,-,0.8828146457672119,22.602353400299975,0.0,0.0,1.0,,0.4702,0.4702
tensor([9]),1,0.8962624073028564,25.9855730384148,0.002101707272231579,,,,,
AVG,-,-,-,-,-,0.8962624073028564,25.9855730384148,0.0,0.0,1.0,,0.4702,0.4702
tensor([4]),1,0.8249380588531494,28.12161867204184,0.0016273693181574345,,,,,
AVG,-,-,-,-,-,0.8249380588531494,28.12161867204184,0.0,0.0,1.0,,0.4702,0.4702
tensor([1]),1,0.9292386174201965,26.560360684668684,0.003106527030467987,,,,,
AVG,-,-,-,-,-,0.9292386174201965,26.560360684668684,0.0,0.0,1.0,,0.4702,0.4702
tensor([1]),1,0.6382823586463928,20.604725493806136,0.001678168773651123,,,,,
AVG,-,-,-,-,-,0.6382823586463928,20.604725493806136,0.0,0.0,1.0,,0.4702,0.4702
tensor([2]),1,0.7677728533744812,22.753305748023994,0.002132047200575471,,,,,
AVG,-,-,-,-,-,0.7677728533744812,22.753305748023994,0.0,0.0,1.0,,0.4702,0.4702
tensor([7]),1,0.6698470711708069,18.522128479767503,0.0022048268001526594,,,,,
AVG,-,-,-,-,-,0.6698470711708069,18.522128479767503,0.0,0.0,1.0,,0.4702,0.4702
tensor([8]),1,0.9533414840698242,30.24100125817217,0.0025795185938477516,,,,,
AVG,-,-,-,-,-,0.9533414840698242,30.24100125817217,0.0,0.0,1.0,,0.4702,0.4702
tensor([3]),1,0.9368529915809631,26.960468227717836,0.0023538440000265837,,,,,
AVG,-,-,-,-,-,0.9368529915809631,26.960468227717836,0.0,0.0,1.0,,0.4702,0.4702
