metric,value
overall_avg_ssim,0.1555019548199139
overall_avg_psnr,8.441781273950685
overall_avg_loss,13.653162534515745
