metric,value
overall_avg_ssim,0.2548263043553258
overall_avg_psnr,11.082435480375462
overall_avg_loss,7.564396628698645
